B01001_001E,B01001B_001E,B01001C_001E,B01001D_001E,B01001E_001E,B01001F_001E,B01001G_001E,B03002_003E,B03002_013E,state,county,tract
4716,1015,71,132,0,576,94,2112,716,09,003,510700
5415,1386,42,250,0,409,178,2678,472,09,003,514600
3693,611,0,426,0,213,122,1787,534,09,003,496700
3411,89,0,135,0,0,123,2916,148,09,003,492100
5784,410,11,493,37,156,391,3928,358,09,003,492300
3153,2,0,182,0,69,38,2731,131,09,003,492400
4703,135,0,382,0,32,206,3797,151,09,003,494201
2665,2,0,162,0,1,32,2335,133,09,003,496500
5151,345,61,480,0,82,79,3935,169,09,003,497300
3571,86,0,483,0,20,115,2780,87,09,003,487202
3575,44,23,295,0,8,69,3050,86,09,003,514101
7957,1020,40,3368,0,368,319,2255,587,09,003,514102
4270,175,5,382,0,167,128,3234,179,09,003,520301
4141,80,72,355,0,305,68,3141,120,09,003,520302
6329,630,4,306,0,80,197,4984,128,09,003,524200
6649,1464,75,84,0,618,300,3879,229,09,003,524300
3160,2183,11,0,0,371,193,23,379,09,003,524400
2212,679,0,24,0,233,286,751,239,09,003,524501
2264,687,0,46,0,111,95,978,347,09,003,524502
3038,1685,11,488,0,166,148,331,209,09,003,524600
3618,572,0,0,0,744,183,612,1507,09,003,524700
0,0,0,0,0,0,0,0,0,09,003,980000
4499,299,38,64,0,70,211,3316,501,09,005,310803
2933,86,0,52,0,176,48,2329,242,09,005,310804
2699,46,0,16,0,0,72,2521,44,09,005,425600
3093,153,19,100,0,6,139,2577,99,09,007,541401
5788,679,1,340,0,62,97,4041,568,09,007,541402
3996,15,0,54,8,1,51,3747,120,09,007,550201
3182,83,0,17,0,8,12,3059,3,09,007,550202
3850,0,0,0,0,9,28,3805,8,09,007,595101
5182,60,0,77,0,129,127,4682,107,09,007,595102
6276,873,0,135,0,26,253,4713,276,09,007,680200
0,0,0,0,0,0,0,0,0,09,007,990100
3234,57,24,0,0,0,0,3035,118,09,011,714101
1070,37,0,12,0,0,41,949,31,09,011,702600
3630,49,0,125,0,31,82,3298,45,09,011,705300
1842,16,4,8,0,13,42,1723,36,09,011,712100
5789,638,0,368,0,311,329,4069,74,09,011,716101
4185,70,4,23,0,41,27,3871,149,09,011,660102
4766,472,38,236,0,139,473,3221,187,09,011,696100
6239,166,44,66,0,18,306,5615,24,09,011,709100
5517,53,0,443,0,231,27,4603,160,09,011,716102
5496,950,0,670,0,25,783,2594,474,09,011,696700
5931,44,104,99,0,56,403,5052,173,09,011,695202
5077,377,121,631,0,112,591,2753,492,09,011,697000
4126,129,30,212,0,56,14,3658,27,09,011,715100
4875,131,115,567,0,257,218,3335,252,09,011,702700
4074,0,0,29,0,35,61,3582,367,09,007,610300
3209,711,0,121,0,28,159,1950,240,09,007,541700
3581,2,0,245,0,18,99,3114,103,09,009,190200
5988,1029,46,364,0,481,240,3719,109,09,009,343101
6565,241,0,804,0,164,48,5259,49,09,009,343400
5074,887,0,343,10,652,375,2309,498,09,009,351500
1653,465,0,28,0,124,10,480,546,09,009,170200
6726,776,4,18,0,257,92,3504,2075,09,009,170800
2533,525,0,32,0,307,139,496,1034,09,009,171500
4212,154,17,104,0,89,44,3287,517,09,009,171700
2353,33,0,15,0,142,28,2032,103,09,009,175200
3443,1194,30,45,0,668,249,645,612,09,009,140400
1535,539,22,16,0,279,6,500,173,09,009,142100
5384,1274,9,34,0,1603,166,582,1716,09,009,142300
4482,247,0,297,0,0,128,3749,61,09,009,150100
3860,74,8,531,0,43,91,3039,74,09,009,150800
4877,217,0,188,0,33,50,3935,454,09,009,154800
3838,484,0,59,0,97,33,2430,735,09,009,154900
5031,861,0,72,0,669,237,2543,649,09,009,155000
8066,318,0,615,0,6,188,6663,276,09,009,167100
6579,185,2,70,0,30,235,5204,853,09,009,170500
8760,540,145,293,0,48,256,6846,632,09,009,171200
7552,220,0,416,0,0,71,6845,0,09,009,175500
6794,234,41,104,0,165,911,5174,165,09,009,180100
2517,39,0,31,0,0,52,2365,30,09,009,184500
2022,382,0,0,0,153,75,698,714,09,009,170900
2692,42,0,0,0,0,105,2423,122,09,009,180601
3995,1599,107,59,0,585,64,1164,417,09,001,072700
2072,814,0,63,0,162,85,380,568,09,001,073000
3649,1330,0,60,0,1130,252,195,682,09,001,073900
6057,3351,0,75,0,801,0,1226,604,09,001,080400
4826,444,11,38,41,88,158,3293,753,09,001,080900
6080,635,76,167,0,1736,57,2799,610,09,001,210600
5417,618,10,257,0,357,485,3543,147,09,001,211400
3834,39,9,90,0,314,82,3241,59,09,001,230300
6446,59,0,262,0,0,165,5883,77,09,001,245600
5482,2916,106,0,0,522,421,218,1299,09,001,072800
4675,2486,10,201,0,724,129,478,647,09,001,072900
3389,1167,0,9,0,886,331,73,923,09,001,073500
2240,698,28,0,0,719,216,90,489,09,001,073800
4709,446,0,31,0,141,196,3655,240,09,001,080800
3489,39,0,190,0,52,10,3095,103,09,001,090100
6691,804,85,342,0,95,398,4233,734,09,001,090400
4057,0,0,79,0,28,0,3784,166,09,001,105100
5620,233,49,243,48,2202,151,1445,1249,09,001,210100
6118,515,33,303,0,2356,287,1851,773,09,001,210200
5322,62,0,53,0,61,120,4766,260,09,001,220100
2878,65,0,85,0,11,71,2599,47,09,001,245100
4445,43,0,245,0,17,141,3731,268,09,001,245200
3641,0,19,122,0,74,30,3318,78,09,001,257100
8850,3,0,608,0,27,308,7432,472,09,001,050300
3968,29,0,115,0,0,53,3679,92,09,001,060300
3057,139,0,413,28,250,96,1792,339,09,001,061400
2065,596,0,125,0,431,166,363,384,09,001,070500
3618,1056,22,34,0,620,106,1156,624,09,009,142603
5030,105,0,49,0,204,55,4251,366,09,009,130101
2866,196,0,29,0,7,42,2426,166,09,009,130102
3093,853,7,25,0,405,29,745,1029,09,009,142604
4157,88,0,16,0,40,86,3756,171,09,009,348122
5870,3,0,179,0,0,144,5187,357,09,009,348123
2608,5,11,88,0,12,14,2402,76,09,009,348124
4437,165,0,203,0,0,0,4012,57,09,009,348125
3907,513,1,846,15,87,129,2031,285,09,009,361401
2775,247,5,534,0,96,153,1530,210,09,009,361402
6096,58,0,324,0,176,23,5064,451,09,003,420600
4012,106,1,16,0,0,33,3777,79,09,003,430400
3287,48,1,345,0,9,45,2591,248,09,003,460100
3964,2517,19,136,0,59,239,953,41,09,003,471500
1703,323,0,15,0,98,50,1144,73,09,003,473400
4244,957,0,360,0,30,201,2516,180,09,003,473501
3405,22,25,95,0,42,191,2718,312,09,003,480500
6525,50,0,120,0,6,199,5725,425,09,003,492600
2279,212,0,120,0,43,10,1813,81,09,003,497200
2237,60,6,95,0,18,53,1961,44,09,003,497600
1465,412,73,433,0,192,86,193,76,09,003,500500
991,370,20,0,0,244,10,347,0,09,003,500700
6300,417,0,72,0,393,15,4947,456,09,009,120100
4903,370,0,0,0,124,93,4083,233,09,009,125100
5627,994,0,78,0,466,100,3132,857,09,009,125200
4921,523,0,203,23,470,891,2406,405,09,009,125300
8626,196,0,170,0,486,101,6400,1273,09,009,130200
2695,926,13,65,0,497,187,386,621,09,009,140300
4362,289,17,77,0,33,51,3710,185,09,009,150500
2999,338,27,147,0,281,130,1829,247,09,009,155100
4523,2800,35,27,0,389,177,779,316,09,009,165500
1736,157,0,86,0,122,109,817,445,09,009,170400
1311,183,0,0,0,133,74,570,351,09,009,171000
4155,536,0,66,0,225,88,3122,118,09,009,345202
5401,46,0,175,0,14,265,4840,61,09,009,194202
4036,884,0,76,0,283,293,2355,145,09,009,141000
4955,432,0,10,0,67,38,4124,284,09,001,081100
5421,149,0,466,0,155,0,4280,371,09,001,090700
6178,47,34,34,0,230,34,5602,197,09,001,230400
4332,0,0,320,0,20,39,3922,31,09,001,050100
7172,158,13,299,0,22,110,6067,503,09,001,020300
5867,537,6,214,0,198,59,4674,179,09,001,010400
4455,85,30,369,0,10,89,3778,94,09,001,030400
5177,2035,0,61,0,877,282,1079,843,09,001,071900
3628,259,0,404,0,49,240,2490,186,09,003,497500
4058,733,26,230,66,1672,196,54,1081,09,003,500100
1685,368,17,19,0,496,141,209,435,09,003,500400
4630,885,9,176,0,1283,349,731,1197,09,003,504800
2885,649,4,50,3,218,69,1780,112,09,003,503800
4147,1665,0,36,0,459,215,806,966,09,003,510300
4527,1949,0,246,0,592,246,698,796,09,003,510600
2303,434,0,173,0,82,17,1263,334,09,003,511400
6305,1065,102,0,0,1155,173,910,2900,09,003,510400
2970,1559,0,21,0,425,262,146,557,09,003,503300
2440,1820,0,0,0,183,172,38,227,09,003,501400
3710,843,0,175,0,1217,219,576,680,09,003,502600
5218,913,12,119,0,1239,358,1730,847,09,003,502700
2528,2179,0,8,0,133,123,47,38,09,003,503700
6052,165,0,28,0,1,95,5620,143,09,003,400200
3494,1319,133,59,0,559,77,624,723,09,003,511200
4652,4112,0,0,0,99,265,114,62,09,003,503900
3283,21,0,142,0,13,69,2963,75,09,001,090600
5751,73,0,76,0,0,0,5393,209,09,001,110500
5686,213,18,85,29,41,72,5097,131,09,001,200302
5939,490,15,670,0,1353,252,2379,780,09,001,210300
5973,768,0,365,19,472,199,3782,368,09,001,210800
4297,743,0,151,0,416,318,2268,401,09,001,211000
4658,68,0,57,0,12,29,4396,96,09,001,240100
4551,11,0,57,0,111,149,4075,148,09,001,240200
3084,0,0,43,0,6,0,3011,24,09,001,245400
3614,14,0,27,16,107,118,3210,122,09,001,220300
3129,27,0,41,0,53,154,2583,271,09,001,245500
5289,11,0,647,0,77,69,4094,391,09,001,010202
5006,1210,62,439,0,353,132,2549,261,09,001,020100
3809,129,0,476,0,188,98,2629,289,09,001,020400
4898,464,0,532,0,69,153,2529,1151,09,001,020900
3681,257,28,247,0,117,216,2668,148,09,001,021000
5941,994,0,330,0,702,149,2582,1184,09,001,021900
7843,1379,31,115,0,2473,66,2290,1489,09,001,022100
5568,1634,0,164,0,1527,116,1169,958,09,001,022300
4254,34,0,97,0,21,9,4028,65,09,001,030300
7870,203,0,296,0,36,159,6546,630,09,001,035100
5298,17,9,183,0,0,121,4872,96,09,001,035400
3550,13,9,0,0,0,7,3375,146,09,001,044600
3469,0,0,117,0,0,180,3114,58,09,001,050600
4777,93,0,112,0,0,104,4285,183,09,001,055200
5315,0,0,109,0,22,71,4928,185,09,001,061600
1403,555,0,0,0,241,68,8,531,09,001,070300
3785,1220,132,214,0,808,386,149,876,09,001,071000
4616,1852,41,183,0,696,203,560,1081,09,001,071100
3124,0,0,81,0,0,15,2978,50,09,001,080500
9648,888,0,685,0,2609,487,4054,925,09,001,210400
4081,617,0,107,0,95,84,2873,305,09,001,081000
5931,933,18,1350,0,139,244,2975,272,09,003,515102
1561,1172,0,0,0,187,55,9,138,09,003,503500
2933,62,0,64,0,0,33,2733,41,09,003,481300
4085,180,12,159,0,28,99,3498,109,09,003,497400
3997,1682,9,248,0,695,263,800,300,09,003,503100
3573,1179,0,208,0,388,121,566,1111,09,001,072000
5887,1562,36,568,0,144,240,2185,1152,09,001,072100
4030,651,0,124,0,3,147,3035,70,09,007,542000
3234,182,0,40,0,26,91,2822,73,09,007,570200
5944,305,0,172,0,37,23,4956,451,09,007,570300
4268,32,0,82,0,12,0,4030,112,09,007,600100
3680,23,0,28,0,31,149,3182,267,09,007,610200
6414,28,0,71,0,30,66,6183,36,09,007,640100
5838,2,0,0,0,0,69,5734,33,09,007,560100
4493,149,8,59,0,55,85,4058,79,09,007,620100
1285,227,62,65,0,65,10,694,162,09,007,541600
7248,7,0,44,0,0,112,6990,95,09,007,585100
2060,10,21,35,0,0,0,1948,46,09,007,610100
6599,241,0,122,0,1,152,5861,222,09,007,630100
3700,670,0,128,0,34,59,2593,216,09,007,542100
5678,75,105,273,0,19,28,4957,221,09,007,550100
3524,42,0,24,0,61,66,3280,51,09,007,560200
4795,394,0,240,0,53,56,3378,674,09,007,570100
4385,4,0,78,0,20,20,4228,35,09,007,580100
8267,82,0,273,0,0,31,7670,211,09,007,590100
3162,23,0,33,0,95,0,2667,344,09,007,610400
4762,11,0,189,0,74,187,4186,115,09,007,670100
4965,80,95,149,0,181,19,4221,220,09,003,466300
4548,556,0,263,0,601,576,2220,332,09,003,480600
7403,343,0,0,0,532,247,5456,825,09,003,405600
4372,940,49,26,0,451,289,1901,716,09,003,406100
3073,583,0,40,0,309,150,872,1119,09,003,415500
5045,24,0,101,0,11,52,4677,180,09,003,430202
2769,84,0,575,0,0,16,2017,77,09,003,462202
4871,42,0,161,14,21,72,4464,97,09,003,466102
4032,15,0,140,0,58,56,3754,9,09,003,468102
5847,2995,0,132,0,412,57,1940,311,09,003,473700
1827,1129,0,259,29,48,37,250,75,09,003,473800
4401,1939,2,31,14,727,199,340,1149,09,001,073700
5662,1634,0,0,0,564,65,2023,1376,09,001,072500
2602,78,0,128,0,32,14,2019,331,09,001,110100
7052,494,0,1083,0,633,153,3827,862,09,001,211200
3501,2,0,141,0,40,56,3133,129,09,001,105200
5261,176,6,328,0,456,56,4013,226,09,001,210900
4729,405,8,279,0,1,90,3732,214,09,003,476100
2829,53,0,0,0,0,119,2615,42,09,003,477200
4689,245,175,109,0,83,332,3663,82,09,003,480800
5675,189,0,1175,0,53,90,3981,187,09,003,490100
5662,438,40,398,0,75,175,4186,350,09,003,494100
4903,89,0,191,0,361,266,3851,145,09,003,494400
4499,96,0,332,0,43,82,3825,121,09,003,497700
3169,1292,10,0,0,882,211,67,707,09,003,501800
2189,739,3,11,0,507,276,266,387,09,003,502500
3128,2917,0,9,0,0,128,54,20,09,003,504000
4784,1152,0,30,0,1239,265,686,1412,09,003,504900
6681,54,0,1004,0,32,395,5048,148,09,003,487500
3466,313,21,204,0,109,68,2600,151,09,003,494600
2921,544,0,490,0,197,79,733,878,09,003,496100
4626,131,12,572,0,229,185,3059,438,09,003,496200
3081,654,0,71,0,1066,81,606,603,09,003,504300
3300,497,0,287,0,175,172,1753,416,09,003,511100
4285,73,0,39,0,0,84,3975,114,09,003,410102
3134,24,49,466,0,209,73,2284,29,09,003,460203
6332,174,0,968,0,4,95,4808,283,09,003,460204
4466,36,0,137,0,0,54,4065,174,09,003,497000
2204,628,7,27,0,540,70,298,634,09,003,500300
3041,2525,0,0,0,211,70,59,176,09,003,501500
5211,1059,0,391,0,634,476,1954,697,09,003,504200
1743,605,27,49,0,271,303,0,488,09,003,501700
2867,773,49,123,0,729,173,496,524,09,003,502900
1648,377,0,42,0,321,8,144,756,09,003,504100
2653,954,17,214,0,331,37,802,298,09,003,510200
3112,492,36,137,0,157,191,1879,220,09,003,514200
4603,624,0,599,0,189,133,2619,439,09,003,514500
3078,2,0,133,0,90,95,2603,155,09,003,515200
8179,62,0,541,0,78,169,7108,221,09,003,520400
8083,2459,16,323,0,811,536,2811,1127,09,009,361500
7593,88,16,324,0,56,225,6807,77,09,011,714103
0,0,0,0,0,0,0,0,0,09,009,990000
4334,22,18,43,0,26,51,3927,247,09,011,705101
4239,193,0,89,0,10,215,3692,40,09,011,705102
5100,103,6,54,0,118,140,4548,131,09,011,714104
5467,769,0,90,0,2,437,3632,537,09,011,870200
6442,917,0,179,0,1102,526,3097,621,09,011,870300
4277,97,131,781,0,308,257,2569,134,09,011,870501
3741,560,5,52,0,298,296,2385,145,09,011,870502
2026,6,0,90,0,53,3,1744,130,09,011,870701
1665,21,0,58,0,13,105,1416,52,09,011,870703
3769,26,0,0,0,0,126,3569,48,09,011,870704
4575,8,0,138,0,11,39,4314,65,09,013,526101
4947,16,0,57,0,32,58,4749,35,09,013,526102
3630,16,13,67,0,6,122,3299,107,09,013,890201
5262,58,0,12,0,27,182,4879,104,09,013,890202
2739,339,41,62,0,21,239,1738,299,09,011,980000
0,0,0,0,0,0,0,0,0,09,011,990100
5454,36,43,348,0,0,398,4523,106,09,011,709200
2553,484,9,107,23,401,178,985,366,09,011,690500
1219,238,0,0,0,42,174,481,284,09,011,690700
4755,94,0,551,0,158,176,3668,108,09,011,696200
2921,330,31,29,0,66,294,2056,115,09,011,696500
2329,0,17,11,0,18,88,2092,103,09,015,815000
1861,6,13,7,0,11,51,1736,37,09,015,820000
7813,0,0,37,0,0,100,7485,191,09,015,901100
7138,43,0,0,0,0,309,6695,91,09,015,904100
4085,45,0,56,0,51,51,3748,134,09,015,904400
8243,192,14,197,0,26,220,7534,60,09,015,905100
1653,0,0,1,0,23,10,1578,41,09,015,825000
4748,98,40,0,0,0,122,4419,69,09,015,907100
4833,173,0,83,0,89,184,4217,87,09,015,907300
3315,256,0,147,0,770,167,1661,314,09,011,690800
5551,242,0,22,0,40,207,4840,200,09,011,693300
4666,38,29,270,0,20,294,3972,43,09,011,700100
3514,748,82,39,0,910,169,189,1377,09,003,504500
2085,617,15,96,0,175,46,662,474,09,003,510100
2987,163,0,469,0,29,71,2059,196,09,003,417400
7294,150,47,170,0,227,68,6230,402,09,003,405800
4917,545,43,0,0,1084,210,925,2110,09,003,416100
1500,189,0,146,0,32,77,684,372,09,003,417200
4721,122,300,34,0,291,134,3760,80,09,003,420500
3620,37,0,33,0,29,90,3156,275,09,003,420700
4492,175,0,71,0,180,42,3739,285,09,003,430100
4458,18,0,129,0,94,46,4089,82,09,003,430203
3585,0,0,34,0,0,49,3463,39,09,003,430301
6904,56,0,5,0,55,189,6448,151,09,007,680100
2583,731,0,241,0,216,112,909,374,09,007,541100
5087,581,0,330,0,21,202,3554,399,09,007,541200
6396,911,48,743,0,67,242,3971,414,09,007,541300
3414,440,0,569,0,36,127,2105,137,09,007,541500
5356,72,0,145,0,0,45,4731,363,09,007,670200
1612,131,0,34,0,6,62,1370,9,09,007,542200
6741,792,0,122,0,488,208,4784,347,09,013,530200
5761,352,0,622,0,2,157,4404,224,09,013,881500
3871,58,0,20,0,0,88,3653,52,09,013,890100
3409,845,0,59,0,59,76,1919,451,09,009,125400
3514,381,0,569,0,209,145,1895,315,09,009,140100
935,420,0,0,0,159,23,236,97,09,009,140200
6036,4831,0,25,0,468,133,171,408,09,009,141500
5045,2845,18,223,0,504,226,957,272,09,009,141600
4667,882,0,891,0,358,233,1888,415,09,009,141800
7025,91,0,370,0,82,188,6211,83,09,009,343300
3295,18,0,59,0,10,143,3010,55,09,009,190303
7713,18,0,254,0,16,190,7040,195,09,009,194201
6115,113,0,42,0,0,68,5746,146,09,009,341100
4943,66,17,193,0,157,117,4351,42,09,009,344100
2718,11,0,252,0,58,28,2289,80,09,009,344200
6342,780,0,314,0,100,462,4211,475,09,009,345300
6446,171,0,97,0,139,792,4809,438,09,009,345400
5944,381,0,0,0,53,91,5136,283,09,009,347100
3688,416,0,285,0,46,406,2322,213,09,011,702400
2217,3,0,0,0,12,16,2095,91,09,011,702900
5242,96,21,91,0,1,418,4520,95,09,011,707100
6475,1486,43,63,0,1744,377,1650,1112,09,011,690300
4886,293,0,3,0,241,521,3639,189,09,011,690900
4016,50,10,244,0,172,178,3233,129,09,011,693400
3428,212,0,21,0,23,61,3056,55,09,011,693500
2903,10,5,22,0,23,96,2616,131,09,005,296100
2015,34,0,4,0,8,0,1828,141,09,005,300400
4613,83,0,341,0,70,198,3663,258,09,003,487201
1518,92,5,157,0,57,66,1082,59,09,009,142200
6149,1698,28,104,0,1294,451,1458,1116,09,009,142601
4554,40,0,264,0,2,26,3974,248,09,009,150700
3232,70,0,161,0,0,43,2731,227,09,009,151200
7740,2548,0,690,0,251,319,2181,1751,09,009,154100
4789,903,0,292,0,537,142,2529,386,09,009,154600
3317,67,0,278,0,14,0,2899,59,09,009,157300
3792,134,0,26,0,15,106,3430,81,09,009,347200
6862,288,0,117,0,0,30,6222,205,09,009,346101
2805,521,31,58,0,324,28,1291,552,09,009,352701
4453,75,0,84,0,12,23,4179,80,09,009,361300
3340,0,0,69,0,5,16,3196,54,09,009,184400
5145,2373,14,0,0,1042,121,618,977,09,009,140600
3857,2300,10,62,0,630,166,445,244,09,009,140800
4125,1042,25,129,0,548,136,2036,209,09,009,165100
4234,1216,0,202,0,41,95,2388,292,09,009,165802
7978,878,0,457,0,24,114,6010,495,09,009,165900
6795,902,0,633,0,363,291,4417,189,09,009,166001
4966,852,33,5,0,165,105,2969,837,09,009,171600
4410,67,0,406,0,26,57,3406,448,09,009,175300
4928,111,10,96,0,11,64,4516,120,09,009,175600
5924,15,0,147,0,0,0,5530,232,09,009,176000
7163,602,24,346,0,331,16,5292,552,09,009,345100
3049,1069,30,12,0,817,90,264,767,09,009,350200
3284,673,0,100,0,29,98,1560,824,09,009,352500
5453,236,0,162,10,19,91,4480,455,09,009,361200
2221,827,0,3,0,94,153,590,554,09,009,350900
1784,627,0,0,0,291,90,176,600,09,009,350300
3956,982,44,142,0,359,196,986,1247,09,009,351000
2977,994,0,0,0,21,64,968,930,09,009,352300
6746,175,0,0,0,408,122,5977,64,09,009,361100
5845,404,14,151,0,198,57,4235,786,09,009,171100
2564,46,0,234,0,2,173,2092,17,09,009,157100
4456,2427,38,126,0,260,109,1295,201,09,009,140900
3017,1221,0,259,0,67,91,1200,179,09,009,141100
2894,213,0,435,0,139,56,1946,105,09,009,142000
5504,68,0,406,0,0,201,4473,356,09,009,161100
5768,1710,0,797,0,262,30,2635,334,09,009,165801
5845,132,0,417,17,155,269,4657,198,09,001,205300
899,387,28,10,0,63,23,318,70,09,001,211100
5056,45,0,55,0,207,98,4507,144,09,001,220200
2897,1,0,2,0,3,55,2752,84,09,003,430302
3513,1191,9,184,0,251,150,981,747,09,003,511300
2927,1866,19,0,0,301,170,143,428,09,003,501200
6211,918,0,9,0,2864,170,867,1383,09,003,502400
3528,131,0,367,0,75,84,2796,75,09,003,520201
4095,26,0,287,0,2,29,3642,109,09,003,520202
7061,41,0,100,0,29,138,6485,268,09,003,400300
4428,174,0,108,0,40,145,3752,209,09,003,406002
6732,532,0,293,154,261,319,2989,2184,09,003,416700
3685,37,4,235,0,21,84,3026,278,09,003,460302
5320,259,0,129,0,36,118,4530,248,09,003,464101
4537,71,0,101,0,3,0,4143,219,09,003,466101
5272,1620,0,272,0,49,154,3073,104,09,003,471400
8722,1432,17,317,0,574,272,5892,218,09,003,477102
2239,40,0,79,0,0,43,2041,36,09,003,480900
8133,237,0,2042,0,87,327,5317,123,09,003,490302
3366,207,0,96,0,42,69,2842,110,09,003,492500
4548,247,14,153,0,403,274,3265,192,09,003,494500
2722,44,0,311,0,87,22,2186,72,09,003,496600
3173,312,0,352,0,305,220,1514,470,09,003,496800
4268,146,1,350,0,326,174,3062,209,09,009,184200
2736,0,0,0,0,0,36,2690,10,09,009,184600
3273,101,0,0,0,95,30,2857,190,09,009,190100
6938,18,0,367,36,0,122,6033,362,09,009,190301
5198,163,0,163,0,0,116,4669,87,09,009,190302
7375,404,0,145,0,622,214,5728,262,09,009,345201
4151,27,0,309,0,12,37,3579,187,09,009,175800
5893,28,0,315,0,1191,72,3802,485,09,009,180200
3784,70,0,10,0,0,127,3382,195,09,009,180602
5069,26,0,44,0,0,0,4930,69,09,009,194100
2227,275,0,21,0,854,195,294,588,09,009,350500
3711,1158,0,249,0,460,257,877,710,09,009,351100
2682,13,6,40,0,46,41,2506,30,09,009,348111
3847,618,14,254,0,486,127,1007,1341,09,009,350100
4210,1267,10,0,0,754,162,801,1216,09,009,351200
2459,154,5,122,0,219,155,1595,209,09,009,351900
4787,1035,0,198,0,180,181,2509,684,09,009,352600
2435,106,0,6,0,97,86,1857,283,09,005,310801
4654,21,35,49,0,9,253,4212,75,09,005,425400
2148,42,0,48,0,110,78,1802,68,09,005,253300
1302,9,0,23,0,0,17,1169,84,09,005,263200
2348,33,0,38,0,1,54,2172,50,09,005,300100
2288,0,0,14,0,4,14,2213,43,09,005,303100
3871,124,0,42,0,8,19,3576,102,09,005,310700
5005,27,0,29,0,1,21,4857,70,09,005,349100
3499,337,0,18,0,130,107,2695,212,09,005,360300
4183,167,0,0,0,141,107,3556,212,09,005,425300
6105,50,0,76,0,41,310,5450,178,09,005,253500
3472,42,0,70,0,85,42,3197,36,09,005,267100
3732,65,0,129,0,0,193,3311,34,09,005,310601
2319,74,0,116,0,169,0,1908,52,09,005,310400
6357,146,30,22,0,105,31,5917,106,09,005,320100
2618,12,0,0,0,6,12,2440,148,09,005,349200
1984,12,0,12,0,22,8,1789,141,09,005,310500
3452,34,0,68,0,11,80,3240,19,09,005,342100
2945,76,0,1,0,14,89,2628,137,09,005,425500
6128,0,0,53,0,52,193,5344,486,09,005,253400
6642,19,0,469,0,94,62,5467,531,09,005,253200
2661,23,0,0,0,0,22,2588,28,09,005,298400
5639,515,9,212,0,1582,248,1864,1209,09,001,210701
4430,282,38,59,0,1255,70,1757,969,09,001,210702
4190,107,0,96,0,73,142,3723,49,09,001,230501
4802,222,10,8,0,88,105,4023,346,09,001,230502
3931,2093,14,1,0,478,180,675,490,09,001,257200
0,0,0,0,0,0,0,0,0,09,001,990000
3377,60,0,81,0,65,329,2555,287,09,003,405401
3951,333,24,392,22,279,373,2472,56,09,003,405402
5322,15,0,97,0,0,56,5048,106,09,003,410101
6022,1508,0,119,0,438,97,1855,2005,09,003,415400
2945,481,10,69,0,304,26,1545,510,09,003,415700
4910,804,0,0,0,170,164,2132,1640,09,003,416500
3283,59,13,192,0,134,39,2820,26,09,003,420400
5110,38,0,713,0,37,26,4256,40,09,003,462201
6500,3955,20,36,0,57,61,2167,204,09,003,473100
2762,0,0,94,0,34,20,2574,40,09,003,476200
2401,168,0,120,0,48,124,1806,135,09,003,480700
3884,86,0,0,0,23,136,3361,278,09,003,481100
4097,333,0,68,0,64,178,3317,137,09,003,481200
1581,49,0,203,0,7,0,1291,31,09,003,487300
3191,123,0,44,0,305,158,2421,140,09,003,405100
4199,384,150,21,0,332,176,2583,553,09,003,406001
1462,180,0,0,0,45,96,710,431,09,003,415900
1661,274,0,4,0,180,6,267,930,09,003,417100
6765,103,0,0,0,8,0,6314,340,09,003,430500
3933,91,0,241,0,2,110,3453,36,09,003,430602
4986,91,0,369,0,30,33,4355,108,09,003,464102
1949,7,0,83,0,7,84,1726,42,09,001,230200
2840,26,0,59,0,20,137,2588,10,09,011,696300
6896,220,0,118,0,0,201,6072,285,09,011,701200
3557,13,0,64,0,0,51,3419,10,09,011,705200
4272,11,12,79,0,24,84,4025,37,09,011,710100
2567,68,0,23,0,0,125,2338,13,09,011,713100
7256,31,0,113,0,30,96,6849,137,09,011,870100
2910,50,0,55,0,38,129,2607,31,09,011,693600
2469,40,0,12,0,1,44,2330,42,09,011,650100
3147,100,40,193,0,54,110,2556,94,09,011,693700
4351,467,0,162,0,479,320,2298,625,09,011,702500
4347,203,54,771,0,69,149,2817,284,09,011,696600
4291,274,0,159,0,84,119,3451,204,09,011,702100
2445,26,3,145,0,118,139,1903,111,09,011,702300
4412,423,0,416,0,409,361,2425,378,09,011,702800
2676,80,18,15,0,15,21,2427,100,09,011,705400
4101,153,0,228,0,0,150,3086,484,09,009,150300
2271,227,0,57,0,28,65,1835,59,09,009,165300
6160,159,0,0,0,1,99,5638,263,09,009,346102
3911,66,0,339,0,18,103,3354,31,09,009,343102
2481,284,34,58,0,83,38,1426,558,09,009,170600
5453,1040,38,293,12,708,559,1684,1119,09,009,351300
6910,91,0,132,0,345,80,6097,165,09,009,167300
2323,100,0,0,0,134,3,1936,150,09,009,180300
4728,1013,36,257,0,130,207,2914,171,09,009,165400
3210,77,0,90,0,131,26,2445,441,09,009,175100
4051,1676,0,263,25,324,160,1070,533,09,009,140700
3877,112,0,29,0,36,73,3383,244,09,009,150900
7998,17,14,298,0,28,18,7548,75,09,005,360200
1700,125,0,18,0,17,58,1137,345,09,005,310300
4441,70,118,76,0,0,69,4066,42,09,005,320200
4681,69,30,42,0,197,0,4168,175,09,005,360100
3597,129,12,113,0,69,139,2995,140,09,005,253100
3302,117,0,7,0,69,29,2928,152,09,005,260200
2808,105,0,34,0,0,10,2632,27,09,005,298300
3631,14,0,43,0,18,23,3495,38,09,005,261100
2721,29,0,45,0,0,91,2486,70,09,005,262100
6755,52,16,0,0,0,33,6393,261,09,005,306100
1432,0,0,21,0,0,29,1344,38,09,005,265100
3835,33,11,49,0,0,64,3449,229,09,005,300500
5654,5,0,16,0,63,55,5455,60,09,005,360400
3378,18,0,272,0,47,33,2692,316,09,001,010201
4355,533,13,265,0,918,232,1065,1329,09,009,351400
3408,1090,127,22,0,656,210,283,1020,09,009,140500
4612,2598,12,28,0,478,432,938,126,09,009,141400
8027,301,0,260,0,98,131,6985,252,09,001,060700
2582,30,0,60,0,7,57,2385,43,09,001,060900
2843,1296,0,1,0,418,199,315,614,09,001,071300
2562,1039,0,1,0,458,154,209,701,09,001,071600
2603,717,18,20,0,858,33,516,441,09,001,072400
1802,523,16,58,0,402,192,73,538,09,001,074000
4355,1162,0,135,0,480,132,1743,703,09,001,080200
7914,352,0,543,0,138,72,6308,501,09,001,090200
6576,86,12,188,0,245,0,5877,168,09,001,100300
5340,47,0,404,0,84,132,4407,266,09,001,200301
6931,13,0,113,0,94,59,6423,229,09,001,205200
2636,83,66,111,0,54,39,2142,141,09,003,466400
3031,650,0,205,0,2,82,1944,148,09,003,473502
5122,327,0,312,0,154,250,4008,71,09,003,476300
3226,669,0,33,0,118,81,2178,147,09,003,473601
4249,92,7,566,0,41,46,3457,40,09,003,460202
4859,93,0,291,0,12,72,4161,230,09,003,460301
6607,1,0,419,0,190,82,5419,496,09,003,462101
4111,50,0,59,0,7,22,3914,59,09,003,477101
3747,78,0,193,12,19,0,3240,205,09,003,480400
6175,593,0,113,0,77,493,4705,194,09,003,484200
7000,293,0,523,0,96,114,5444,530,09,003,487100
2666,301,0,95,0,90,74,2032,74,09,003,494202
6259,734,0,271,0,44,344,4446,420,09,003,496900
2716,714,0,155,0,980,81,189,597,09,003,500200
2375,851,0,0,0,492,114,60,858,09,003,500900
3464,1,0,363,0,101,0,2903,96,09,003,430201
3173,2280,7,45,0,63,14,431,333,09,003,471200
4512,225,0,26,0,17,140,3531,573,09,003,405900
4677,1,0,121,0,95,26,4422,12,09,003,466202
3642,72,0,105,0,5,34,3344,82,09,003,481000
2539,729,0,399,0,94,112,1122,83,09,003,473602
2377,103,8,112,0,0,60,1908,186,09,003,487400
4375,127,0,278,0,55,73,3540,302,09,003,494300
4396,36,0,230,0,0,102,3886,142,09,003,520501
2256,249,0,56,0,465,76,456,954,09,003,415300
7273,35,0,5,0,24,89,7071,49,09,003,468101
2221,89,0,0,0,87,18,1976,51,09,003,480300
3737,157,0,160,0,121,94,2666,539,09,003,496300
2962,75,0,95,0,8,79,2644,61,09,003,496400
2103,0,0,41,6,0,0,2033,23,09,005,268100
4150,94,0,270,0,5,142,3152,487,09,005,310100
4354,34,0,221,0,73,58,3824,144,09,005,362101
1598,50,34,14,0,16,15,1389,80,09,001,042900
4339,818,77,295,0,111,56,1663,1319,09,001,043400
6185,1228,20,176,0,445,367,1127,2822,09,001,044000
5304,103,11,790,0,92,171,3417,720,09,001,010900
4530,52,14,343,0,16,91,3586,428,09,001,011100
6312,2391,0,184,0,1611,322,663,1141,09,001,021500
4519,172,0,564,28,748,64,1905,1038,09,001,021801
3470,0,0,216,0,30,35,3117,72,09,001,030200
4046,302,5,235,0,32,101,2631,740,09,001,042600
4628,256,121,281,0,84,50,3399,437,09,001,042800
3089,499,0,213,0,85,8,1488,796,09,001,043200
2450,28,0,170,0,4,107,2054,87,09,001,045200
5511,55,0,208,0,41,459,4395,353,09,001,055100
3824,20,0,58,0,29,23,3612,82,09,001,061100
1459,343,9,181,0,75,36,630,185,09,001,070400
3443,815,82,33,0,675,98,695,1045,09,001,071400
5583,1569,0,100,0,933,156,1995,830,09,001,072300
3579,1472,0,185,0,862,50,334,676,09,001,073300
4145,1529,15,49,0,913,281,419,939,09,001,073400
2623,655,0,28,0,950,191,109,690,09,001,073600
4724,2469,0,152,0,1211,178,226,488,09,001,074400
2557,397,0,24,10,44,103,1601,378,09,001,080600
2081,134,10,37,0,44,38,1668,150,09,001,080700
5399,34,0,317,0,47,249,4228,524,09,001,011000
4377,98,11,407,0,0,139,3528,194,09,001,010102
1993,283,0,173,11,13,48,1336,129,09,001,010600
5045,197,75,205,0,4,164,3968,432,09,001,020500
2877,110,5,289,0,4,131,2203,135,09,001,020800
4527,854,0,278,0,335,108,2432,520,09,001,021300
7164,2091,0,395,0,1237,124,1545,1772,09,001,021400
5344,826,136,416,0,1269,118,1787,792,09,001,021802
3164,626,0,184,0,142,48,1239,925,09,001,043300
3232,613,0,38,0,388,259,1262,672,09,001,022000
4928,58,0,87,0,76,66,4379,262,09,013,529100
1841,724,0,7,0,241,134,684,51,09,013,538100
6769,27,0,51,0,20,58,6340,273,09,013,850200
2516,34,0,151,0,25,60,2235,11,09,013,530600
11254,539,0,1351,0,43,361,8484,476,09,013,881200
3525,129,9,224,0,242,133,2576,212,09,013,530400
2908,83,0,26,0,95,14,2608,82,09,013,530500
4305,19,5,14,0,15,0,4247,5,09,013,538202
2157,42,0,193,0,36,58,1756,72,09,013,530100
5345,133,0,180,0,0,33,4928,71,09,013,533102
8098,793,0,453,0,594,317,5413,528,09,001,210500
5088,59,0,168,0,75,37,4476,273,09,001,245300
2432,850,0,137,0,318,102,456,569,09,001,070600
4827,83,0,87,0,56,420,3997,184,09,001,061500
3888,842,15,410,13,259,57,1610,682,09,001,072200
6023,1819,0,200,0,1004,448,1456,1096,09,001,073100
7167,148,0,443,0,19,404,5902,251,09,001,100200
6388,219,0,262,0,102,117,5388,300,09,001,110301
3153,94,0,260,0,28,74,2577,120,09,001,110302
4180,162,21,392,0,140,94,2983,388,09,001,021200
3936,459,0,74,10,16,51,3000,326,09,001,042500
7211,894,78,835,52,618,175,2299,2260,09,001,043800
4540,329,0,216,0,29,145,2958,863,09,001,044300
4175,1432,52,0,0,214,62,1201,1214,09,001,044400
6053,72,0,487,0,51,76,5057,310,09,001,045102
4005,8,0,413,0,10,185,3311,78,09,001,050200
2416,85,0,338,0,149,41,1715,88,09,001,061200
2943,31,0,486,0,0,47,2115,264,09,001,061300
5052,883,46,482,13,280,247,1876,1225,09,001,080100
4644,26,0,205,0,21,106,3903,383,09,001,090300
3706,66,0,336,0,11,116,2661,516,09,001,010800
3304,56,9,168,18,369,221,1442,1021,09,001,011300
3637,86,0,319,0,0,104,2860,268,09,001,020200
4008,454,0,114,0,1,68,3255,116,09,001,211300
8401,67,0,368,0,204,192,7058,512,09,001,110600
6296,314,20,314,0,244,428,3415,1561,09,009,120200
4990,2831,155,136,0,271,272,1067,258,09,009,141200
5616,303,0,770,0,44,237,3929,333,09,009,141900
6101,1445,0,14,0,2045,208,600,1789,09,009,142400
4002,460,0,57,0,131,70,2891,393,09,009,142800
2720,416,28,1,0,918,139,132,1086,09,003,502800
3742,472,0,20,0,569,90,1972,619,09,003,511000
3722,31,0,58,0,26,134,3311,162,09,003,405200
4043,3173,0,0,0,92,238,254,286,09,003,471100
4028,420,12,104,0,86,166,2891,349,09,003,492200
4024,129,0,206,0,36,82,3320,251,09,003,497100
5969,93,0,715,0,23,81,4813,244,09,003,520100
5533,0,0,244,0,0,16,4665,608,09,015,907200
4599,0,6,61,0,0,79,4411,42,09,015,900100
2549,11,0,15,0,11,50,2411,51,09,015,903200
5947,215,0,208,0,12,609,4742,161,09,015,904500
3488,65,13,47,0,852,197,1860,454,09,015,800400
3936,220,168,11,0,846,436,962,1293,09,015,800600
3489,75,138,172,0,327,218,1685,874,09,015,800700
4744,14,0,0,0,22,124,4575,9,09,015,900200
1706,69,0,13,0,0,54,1524,46,09,005,250100
5263,2,30,212,0,60,13,4769,177,09,005,362102
2576,43,0,77,0,38,37,2286,95,09,005,253600
2824,187,4,76,0,114,92,2337,14,09,005,266100
3671,2,0,113,0,29,24,3467,36,09,005,290100
1518,17,0,13,0,4,0,1467,17,09,005,293100
2536,315,13,16,0,61,94,1766,271,09,005,310200
4578,106,0,139,0,0,85,4179,69,09,005,310602
5250,818,0,107,0,128,182,3745,270,09,001,081200
4732,126,0,324,0,52,142,3718,370,09,001,090500
4824,198,26,138,32,21,53,4127,229,09,001,110202
3664,43,0,349,0,198,69,2778,227,09,001,200100
4237,66,0,362,0,15,126,3500,168,09,001,205100
6900,2,0,173,0,0,50,6462,213,09,001,230100
3988,751,0,163,11,308,72,1762,921,09,001,044200
4094,13,0,319,0,12,64,3613,73,09,001,045101
3880,58,0,267,0,10,115,3288,142,09,001,010300
6148,544,0,329,0,148,315,3489,1323,09,001,010500
3643,275,0,263,0,164,90,2396,455,09,001,010700
7487,466,0,2513,0,807,437,2903,361,09,001,021600
3136,322,0,310,0,109,107,2059,229,09,001,043600
4208,1590,0,0,0,321,59,442,1796,09,001,044500
2172,25,0,65,0,31,46,1957,48,09,001,060800
5276,361,0,172,0,334,245,3749,415,09,001,070100
2850,1144,0,71,0,562,186,202,685,09,001,070900
5829,2191,0,664,0,834,316,451,1373,09,001,071200
7687,1938,17,282,0,68,261,4142,979,09,001,072600
2600,661,0,229,0,191,94,484,941,09,001,073200
4685,2317,28,254,0,1128,172,207,579,09,001,074300
5232,142,0,251,0,22,207,4209,401,09,001,081300
2543,15,0,217,0,0,76,2200,35,09,001,045300
2982,801,20,64,0,129,52,1050,866,09,001,044100
4818,75,0,207,0,0,111,4281,144,09,001,050500
5878,29,0,428,0,74,67,5095,185,09,001,100100
4150,111,36,210,0,83,113,3232,365,09,001,020700
3968,129,0,268,0,29,100,3285,157,09,001,061000
3134,65,0,127,0,0,11,2824,107,09,001,035200
3779,1397,46,76,0,537,54,906,763,09,001,070200
3246,0,0,18,25,1,32,2973,197,09,011,660101
2142,498,0,43,0,589,156,418,438,09,011,690400
5145,285,17,167,0,1,160,4365,150,09,011,695201
5640,1338,41,69,0,59,930,2627,576,09,011,696400
3725,721,32,402,0,49,382,1717,422,09,011,696800
6720,90,0,671,0,224,170,5393,172,09,013,535200
5912,32,0,364,0,0,129,4962,425,09,013,840100
9421,82,0,241,0,36,231,8747,84,09,013,533101
5421,7,0,52,0,152,0,4910,300,09,013,860100
3223,79,0,0,0,0,41,3007,96,09,013,528100
3463,152,0,599,0,36,75,2472,129,09,009,150200
4064,60,0,14,0,37,121,3761,71,09,009,151000
4151,840,0,128,0,377,129,2204,473,09,009,154500
2521,122,0,144,0,0,91,2028,136,09,009,165200
4674,137,0,334,0,21,119,3837,226,09,009,167202
2514,879,0,0,0,419,94,398,724,09,009,350400
6138,1386,7,0,0,607,169,1625,2344,09,009,350800
6901,806,0,133,0,188,65,4103,1606,09,009,351602
3136,683,0,13,0,116,199,977,1148,09,009,351700
3603,928,0,10,0,470,115,1023,1057,09,009,352400
6126,2722,0,147,0,530,305,1962,460,09,009,165600
4841,1878,0,56,0,468,333,1788,318,09,009,165700
4136,191,0,295,0,37,59,3475,79,09,009,167201
2458,127,8,0,0,121,71,1676,455,09,009,170700
4486,117,0,347,62,166,84,3030,680,09,009,175400
2706,0,0,67,0,68,0,2467,104,09,009,175700
5719,6,0,362,0,0,209,4975,167,09,009,343200
4677,95,0,402,0,267,95,3391,427,09,009,180500
4173,42,0,9,0,1,63,3958,100,09,015,902500
6811,39,0,62,17,0,205,6330,158,09,015,903100
3762,101,51,0,6,0,40,3524,40,09,015,908100
4234,35,0,53,0,109,84,3846,107,09,015,830100
1721,3,5,0,0,17,28,1634,34,09,015,902200
6767,370,0,56,0,694,401,4319,927,09,015,800500
5074,60,0,89,0,0,70,4839,16,09,015,906100
7008,837,246,195,0,784,331,3530,1085,09,015,800300
2322,352,0,381,0,130,62,1204,193,09,003,502100
6099,1427,23,232,0,2143,257,1120,897,09,003,502300
2806,829,73,44,0,722,83,240,815,09,003,503000
3566,452,27,96,0,250,152,2277,312,09,003,510900
3304,662,49,93,0,338,299,1383,480,09,003,514800
2905,210,0,12,0,9,291,2323,60,09,003,514900
3205,311,0,212,0,57,18,2288,319,09,003,515000
3959,640,0,137,8,55,32,2729,358,09,003,514300
4205,1344,35,204,0,28,267,2027,300,09,003,514700
2587,375,5,110,0,60,144,1767,126,09,003,515101
7406,15,0,287,0,248,56,6522,278,09,003,400100
6294,127,13,0,0,224,205,5094,631,09,003,405300
4647,933,0,95,0,515,321,1607,1176,09,003,415600
4802,45,0,0,0,350,142,2525,1740,09,003,416000
2930,258,0,2,0,318,142,481,1729,09,003,416200
3708,491,0,77,0,614,249,1184,1093,09,003,416300
5112,146,14,276,0,15,91,4468,102,09,003,430601
3852,17,0,577,0,32,139,3035,52,09,003,462102
2833,194,92,110,0,13,83,2241,100,09,003,466201
5256,119,36,137,0,47,330,4442,145,09,003,470100
4500,2792,0,100,0,1,56,1512,39,09,003,471300
5204,323,1,527,0,62,100,4099,92,09,003,484100
1791,1239,0,0,0,261,82,18,191,09,003,501300
2964,740,0,420,0,549,160,819,276,09,003,510500
5198,604,22,110,0,75,361,3680,346,09,013,530301
6112,212,10,1148,0,47,178,4283,234,09,013,530302
4991,19,0,168,0,69,81,4469,185,09,013,538201
4750,158,3,492,0,4,129,3827,137,09,013,881300
4212,87,5,332,0,21,231,3378,158,09,013,881100
5653,19,0,10,0,267,46,5240,71,09,013,850100
9321,144,0,127,0,0,266,8388,396,09,013,535100
4157,146,13,241,0,13,142,3448,154,09,001,010101
1599,2,0,38,0,115,11,1255,178,09,001,011200
5291,327,0,701,0,116,131,3478,538,09,001,020600
6067,749,18,573,0,94,106,3709,818,09,001,021100
7077,1103,0,1203,16,679,82,3331,663,09,001,021700
5958,994,13,280,0,1134,232,2479,826,09,001,022200
2241,7,0,94,0,12,52,1940,136,09,001,022400
5838,46,0,365,9,0,197,5017,204,09,001,030500
4977,506,50,467,44,52,99,3380,379,09,001,042700
2992,202,0,94,8,114,46,2052,476,09,001,043000
4653,295,0,336,0,54,129,3359,480,09,001,043100
2455,427,0,131,0,194,35,952,716,09,001,043700
6190,597,34,432,0,434,193,3233,1267,09,001,043900
2366,58,0,168,0,13,63,1928,136,09,001,050400
5369,1046,0,129,0,687,250,2647,610,09,009,352702
5809,994,0,133,0,520,462,2674,1026,09,009,352800
5720,56,0,257,0,306,158,4914,29,09,009,184700
3796,482,0,12,0,90,171,2505,536,09,009,351800
4868,353,0,107,0,481,312,3049,566,09,009,352000
2849,825,18,0,26,251,155,518,1056,09,009,352200
3174,386,0,28,0,182,103,1880,595,09,009,351601
4316,1330,0,36,0,191,145,1836,778,09,009,352100
6786,2499,0,232,0,450,225,2888,492,09,009,141300
7327,1666,23,107,0,2122,417,1571,1421,09,009,142700
6926,12,57,334,0,10,212,5916,385,09,009,151100
6477,357,0,318,0,88,419,5009,286,09,009,154700
3818,43,0,180,0,0,35,3477,83,09,009,157200
4238,108,0,337,0,21,31,3655,86,09,009,157400
3202,31,93,485,0,7,110,2346,130,09,009,160100
5666,233,0,875,0,0,75,4285,198,09,009,160200
1468,285,0,41,0,178,39,397,528,09,009,170100
1774,270,0,2,0,80,96,528,798,09,009,170300
7296,581,6,185,0,203,169,5838,314,09,009,166002
5051,91,0,127,0,23,0,4443,367,09,009,175900
2697,195,0,169,0,169,5,2008,151,09,009,180400
5114,101,0,360,0,49,15,4480,109,09,009,184100
3806,459,0,0,0,127,55,2103,1062,09,009,171300
1534,113,0,0,0,218,50,583,570,09,009,171400
4399,0,0,156,0,27,45,3943,228,09,009,184300
7149,54,0,271,0,49,173,6469,133,09,009,186100
5917,1291,0,0,0,1335,203,1406,1682,09,009,142500
3947,150,0,200,0,202,27,3175,193,09,009,150400
7179,213,0,568,0,35,100,5756,507,09,009,150600
6933,2354,38,272,0,437,310,1781,1741,09,009,154200
7059,325,0,0,0,36,23,6402,273,09,009,186200
3742,27,0,86,0,0,6,3401,222,09,001,030100
3971,16,0,292,0,0,67,3394,202,09,001,035300
2394,253,8,62,0,35,14,1695,327,09,001,043500
3402,59,0,401,0,0,84,2737,121,09,001,045400
4413,204,8,121,0,22,201,3707,150,09,001,060100
4486,45,0,226,0,85,153,3647,330,09,001,060200
4416,27,0,42,0,11,103,4184,49,09,001,060400
2782,36,0,80,0,0,39,2581,46,09,001,060500
2402,48,9,54,0,0,108,2057,126,09,001,060600
5106,49,0,431,0,111,133,3998,384,09,001,110201
4930,36,6,72,0,66,154,4436,160,09,001,110400
4861,168,0,505,0,218,48,3822,100,09,001,200200
3138,921,0,26,0,248,92,1583,268,09,003,510800
4119,543,28,43,0,332,151,2561,461,09,003,514400
6394,90,11,53,0,0,19,6022,199,09,003,524100
2041,5,80,14,0,4,66,1857,15,09,003,330100
5405,151,0,237,0,256,57,3704,1000,09,003,405500
2160,125,35,0,0,124,17,1810,49,09,003,405700
2533,566,0,27,0,382,1,972,585,09,003,415800
3397,278,0,89,0,74,83,2450,423,09,003,416400
3013,310,0,43,0,377,65,770,1448,09,003,416600
2868,180,0,312,0,78,178,1461,659,09,003,416800
1833,418,0,65,11,58,19,1223,39,09,003,417300
4643,277,17,261,0,220,121,3037,710,09,003,417500
7938,191,337,487,0,34,446,6105,338,09,011,701100
3566,32,18,31,0,19,59,3326,81,09,011,703000
2559,6,7,23,14,0,53,2398,58,09,011,708100
2929,53,11,0,12,0,258,2550,45,09,011,711100
